{"gulls": 23018.113988382695, "storks": 3060.7210329126196, "swallow": 10679.617373616926}